Task_ID,Task_Name,Category,Day,Hours,Effort,Priority,Status,Description,Success_Criteria
1.1,Remove Debug Logs from main.py,Cleanup,1,0.5,Easy,Critical,Not Started,Search for "🧪 [DEBUG]" and remove ~15 instances,No "🧪 [DEBUG]" in codebase
1.2,Reorganize Backend Folders,Structure,1,1.5,Easy,Critical,Not Started,Create new folder structure (config/ core/ models/ analyzers/ persistence/ utils/),Folders created with __init__.py
1.3,Update Backend Imports,Code,1,1.5,Easy,Critical,Not Started,Update import statements in main.py for new folder paths,All imports work
1.4,Create Backend .env Files,Setup,1,0.5,Easy,High,Not Started,Create .env and .env.example with required variables,Files created and gitignore set
2.1,Reorganize Frontend Folders,Structure,1,1,Easy,High,Not Started,Create folder structure (config/ styles/ utils/ types/),Folders created and organized
2.2,Update Frontend Imports,Code,1,1,Easy,Critical,Not Started,Update import paths in App.jsx and components,All imports work
2.3,Create Frontend .env Files,Setup,1,0.5,Easy,High,Not Started,Create .env with VITE_API_URL,Files created
3.1,Test Backend Startup,Testing,2,0.5,Easy,Critical,Not Started,Start backend with python main.py - no errors,Backend runs; logs show "Database initialized"
3.2,Test API Endpoints,Testing,2,1,Easy,Critical,Not Started,Test GET / and POST /api/test-analysis,All endpoints return 200 OK
3.3,Test Frontend Startup,Testing,2,0.5,Easy,Critical,Not Started,Start frontend with npm run dev - no errors,Frontend runs on localhost:5173
3.4,Test File Upload Flow,Testing,2,1.5,Easy,Critical,Not Started,Upload audio file; check analysis completes,File → Transcription → Results works
3.5,Test All Features,Testing,2,1,Easy,High,Not Started,Test theme toggle; weights; history; rescore,All features work without console errors
4.1,Update Documentation,Documentation,2,1,Easy,Medium,Not Started,Update README.md with new folder structure; create DEPLOYMENT.md,Docs explain new structure
4.2,Create .gitignore,Setup,2,0.25,Easy,High,Not Started,Add .env to gitignore; add logs/ directory,Files not committed to git
5.1,Final Code Review,QA,2,0.5,Easy,Medium,Not Started,Review changes; check for regressions,No breaking changes; same functionality
5.2,Git Commit & Tag,DevOps,2,0.5,Easy,Medium,Not Started,Commit all changes; create git tag v2.0.0,Changes committed; tag created
